{
  "hash": "90b9aad0",
  "browserHash": "df6a35a4",
  "optimized": {
    "@angular/common": {
      "src": "../../../../../node_modules/@angular/common/fesm2022/common.mjs",
      "file": "@angular_common.js",
      "fileHash": "56519da9",
      "needsInterop": false
    },
    "@angular/common/http": {
      "src": "../../../../../node_modules/@angular/common/fesm2022/http.mjs",
      "file": "@angular_common_http.js",
      "fileHash": "2aa3aad5",
      "needsInterop": false
    },
    "@angular/core": {
      "src": "../../../../../node_modules/@angular/core/fesm2022/core.mjs",
      "file": "@angular_core.js",
      "fileHash": "bd334b08",
      "needsInterop": false
    },
    "@angular/forms": {
      "src": "../../../../../node_modules/@angular/forms/fesm2022/forms.mjs",
      "file": "@angular_forms.js",
      "fileHash": "0fd14194",
      "needsInterop": false
    },
    "@angular/platform-browser": {
      "src": "../../../../../node_modules/@angular/platform-browser/fesm2022/platform-browser.mjs",
      "file": "@angular_platform-browser.js",
      "fileHash": "db4a7ab1",
      "needsInterop": false
    },
    "@angular/router": {
      "src": "../../../../../node_modules/@angular/router/fesm2022/router.mjs",
      "file": "@angular_router.js",
      "fileHash": "2486a0d3",
      "needsInterop": false
    }
  },
  "chunks": {
    "chunk-TCE6EGFF": {
      "file": "chunk-TCE6EGFF.js"
    },
    "chunk-I45ZZFVU": {
      "file": "chunk-I45ZZFVU.js"
    },
    "chunk-SJU3VLI2": {
      "file": "chunk-SJU3VLI2.js"
    },
    "chunk-YGT7Z3O4": {
      "file": "chunk-YGT7Z3O4.js"
    }
  }
}